feature,importance
vertical_wind_shear,0.18313278
ocean_heat_content,0.11534134
sst,0.10734098
pressure_change,0.08207028
cloud_top_temp,0.074338704
wind_speed_change,0.074308656
relative_humidity,0.07266845
min_central_pressure,0.022841405
latitude,0.02119648
season_sin,0.01937526
water_vapour,0.018887756
wind_speed,0.01871835
movement_speed,0.018521795
diurnal_cos,0.018258026
atmospheric_temp_200hPa,0.018254664
season_cos,0.018002992
cyclone_age_hours,0.017843112
prev_pressure,0.017788187
movement_direction,0.017577482
longitude,0.017153626
prev_wind_speed,0.0164076
diurnal_sin,0.016370248
precipitation,0.013601847
