feature,mean_abs_shap
vertical_wind_shear,1.0518395
cloud_top_temp,0.4906805
sst,0.4887755
relative_humidity,0.46452284
pressure_change,0.45738488
wind_speed_change,0.45613077
ocean_heat_content,0.38617042
water_vapour,0.020827267
season_sin,0.014387118
movement_direction,0.010490804
wind_speed,0.008847005
latitude,0.008705876
movement_speed,0.008456779
diurnal_cos,0.0082337065
precipitation,0.0070291017
atmospheric_temp_200hPa,0.006281979
min_central_pressure,0.0060102874
longitude,0.0057568443
season_cos,0.0056292694
prev_pressure,0.005619154
diurnal_sin,0.0041133845
prev_wind_speed,0.0036309806
cyclone_age_hours,0.003379341
